hashtag,tweets
dfw,202
writing,154
davidfosterwallace,122
amwriting,114
longreads,103
theendofthetour,76
fiction,61
infinitejest,57
endofthetour,45
sundance,44
fridayreads,42
books,34
taldíacomohoy,32
quotes,32
dfw50,28
wimbledon,27
metoo,27
literature,27
thisiswater,25
tnyarchive,24
fb,24
quote,23
wallace,22
thepaleking,22
vote,21
electionday,21
sundance2015,20
writingtips,19
usopen,19
undíacomohoy,19
libros,18
federer,18
reseña,17
lit,17
president,16
writetip,15
writerslife,15
reading,15
art,15
dfwday,14
tennis,13
truth,12
longread,12
einfinitejest,12
tbt,11
rip,10
qotd,10
onthisday,10
kenyoncollege,10
book,10
jasonsegel,9
writingtip,8
ted,8
rhmflash,8
realdeal,8
infsum,8
brotherinarms,8
authorclub,8
writer,7
worldmentalhealthday,7
unpopped,7
ricordandodfw,7
lego,7
johnmcain,7
estoesagua,7
dfwsymp,7
writers,6
taxes,6
taxday,6
scotus,6
quoteoftheday,6
paleking,6
novedadrhm,6
máslibros,6
mustread,6
macfellow,6
johnmccain,6
irs,6
infiniteseptember,6
film,6
empiezaaleer,6
bibliotuit,6
aaronsw,6
worldsuicidepreventionday,5
vendredilecture,5
repost,5
pulitzer,5
parksandrec,5
miff2015,5
literatura,5
life,5
leadership,5
howlive,5
gorsuchhearing,5
g1,5
fosterwallace,5
fahrenheit,5
ebook,5
dailyqotd,5
burgos,5
bookoftheweek,5
aplit,5
aplang,5
anchorage,5
amreading,5
21febbraio,5
writelife,4
themuppets,4
suicide,4
robinson,4
rdguk,4
otd,4
newgirl,4
movies,4
milkstreetradio,4
literarysmackdowns,4
libri,4
kindle,4
juevesdelibros,4
jjoo,4
jesseeisenberg,4
iwritelike,4
happybirthdayfederer,4
freedom,4
franzen,4
ff,4
ebooks,4
depression,4
dailyquote,4
cuarentena,4
creativity,4
considerthelobster,4
commencement,4
comedire,4
blono,4
authors,4
writinglife,3
writingcommunity,3
writechat,3
write,3
worldbookday,3
words,3
wimbledonfinals,3
weekendreading,3
votebluetosaveamerica,3
usopen2014,3
tubantia,3
trumbo,3
tenis,3
telegram,3
tcja,3
talmud,3
talkingaboutit,3
spellingbee,3
soundcloud,3
soulmovie,3
self,3
rogerfederer,3
redbirdscholar,3
ranking,3
radio3,3
puntosycomas,3
poetry,3
pengala,3
partsofspeech,3
p2,3
novedadprh,3
nanowrimo2015,3
muellerreport,3
mondaymotivation,3
moana,3
mindfulness,3
mentalheath,3
litfeud,3
libro,3
leemás,3
lamarathon,3
itennisday,3
inners,3
hotlinesort,3
himym,3
graduation,3
genius,3
foster,3
fakewholefoodsfoods,3
eurovision,3
empressofserenity,3
dfwdraw,3
df,3
david,3
culturalartifacts,3
cultura,3
confessyourunpopularopinion,3
cdnpoli,3
casting,3
canalmaxla,3
buch,3
biopics,3
bellletstalk,3
bamcinemafest,3
awareness,3
america,3
adaltavoce,3
accounts,3
yoursoindie,2
yourpretentionisshowing,2
yourenosnoot,2
yasminmitri,2
writerrockermashup,2
writegoal,2
wits,2
wimbledonfinal,2
whitneybiennial,2
whibi,2
weekendwisdom,2
wednesdaywisdom,2
watchthisnow,2
vox,2
vogliosutwitter,2
vivalalettura,2
usopen2017,2
unendlichesspiel,2
unendlicherspass,2
truthbomb,2
travel,2
trailer,2
topnortonpostsof2011,2
titanic,2
thursdaythoughts,2
thirdmetric,2
thinkbigsundaywithmarsha,2
thenextchapter,2
thegoodplace,2
thebookcon,2
theatertreffen,2
texasstandardtime,2
tenthingsnottosaytoawriter,2
ted2014,2
taxreform,2
tax,2
tattoos,2
tarihtebugün,2
sundayreads,2
success,2
subways,2
steelers,2
startup,2
startat16,2
sotu,2
sonaractual,2
slatepitches,2
sentits,2
selfie,2
salto18,2
sad,2
ruinmyvacation,2
romaff10,2
ripjohnmccain,2
ripdfw,2
rep,2
rentreelitteraire,2
reflection,2
redaction,2
r4today,2
puig,2
productivity,2
primeroscapítulos,2
pomo,2
planetaeris,2
philosophy,2
pchh,2
palewinter,2
pagina3,2
openaccess,2
nyerfest,2
nsa,2
nprreads,2
np,2
novelas,2
novedadlrh,2
notalldavidfosters,2
newsanno,2
newrelease,2
nbcc,2
nbc2016,2
nationalauthorsday,2
natbookfest,2
mustreads,2
mustlisten,2
morningread,2
mitmachradio,2
mhchdtmax,2
meltdownfest,2
melbourne,2
mccain,2
maddow,2
lrbarchives,2
love,2
litjuke,2
linfiniecomédie,2
lightreading,2
letsgetlost,2
latfob,2
laclasedelprofe,2
labromainfinita,2
kfp,2
juevesderecomendado,2
journalism,2
itsokaytobesmart,2
iphone,2
inspire,2
inspiration,2
inbed,2
illouz,2
illinoisstate,2
home,2
histórico,2
highbrowbands,2
hardquiz,2
grammar,2
graciasclaudio,2
gqquotes,2
gorsuch,2
gopdebate,2
giveaway,2
generationwuss,2
futureforum,2
futuracorriere,2
fridayfun,2
freshofftheboat,2
frenchopen,2
fplus,2
festlet,2
february21,2
fazplus,2
exclusive,2
escritor,2
eschaton,2
entertainment,2
empathy,2
elsubrayadoesnuestro,2
election2012,2
efeméride,2
editorschoice,2
editionsdelolivier,2
ecriture,2
dfw2016,2
designtolead,2
derevista,2
deafeattrump,2
david_foster_wallace,2
culture,2
cruise,2
coupdecoeur,2
condividilacultura,2
commencementaddress,2
comedy,2
click3,2
cinema,2
cicero_online,2
capc,2
btd2019,2
bryancranston,2
brquotedujour,2
browsings,2
brooklyn,2
brilliance,2
brickjest,2
boston,2
borges,2
bookloversday,2
bookfest,2
blunttalk,2
bloodsuckingbastards,2
biography,2
billanddaves,2
biblioterapia,2
bestofbookriot,2
bandanasseenocolor,2
badwritingtips,2
authorbandnames,2
asja2013,2
archivoseternos,2
archive,2
antologirasa,2
amazing,2
addiction,2
accaddeoggi,2
academia,2
a3r,2
92ytalks,2
20factsaboutme,2
12settembre,2
ஏலே,1
ö1,1
zoom,1
zeitliest,1
youtube,1
yourbookrecommendation,1
youcantwinthemall,1
youareloved,1
yotambiénvoyalmédico,1
yorecomiendo,1
yomequedoencasaleyendo,1
ymiw,1
yes,1
yearofthetrialsizedovebar,1
yearofdavidfosterwallace,1
yearinaddiction,1
y,1
xrijf,1
xoxofest,1
xmen,1
wwdfwd,1
wtfbrain,1
writingadvice,1
writetips,1
writerwednesday,1
wowza,1
worthreadingagain,1
worldtennisday,1
workshop,1
workinprogress,1
wordsofwisdom,1
wordpress,1
word,1
woldhorst,1
wmalumni,1
wit,1
wishfulthinking,1
wiseoldfish,1
wireditorial,1
win,1
wimbledon2014,1
wimbeldon2014,1
wikiradio,1
whyiread,1
whydfwchangedmylife,1
why,1
whoisyourhero,1
whoa,1
whitesox,1
whiteprivilege,1
whitehot,1
whatwerereading,1
whatireadthisweekend,1
wellesley,1
welldone,1
welcometotrutv,1
weekend,1
weatherdiaries,1
wbfny,1
wasser,1
waitingroomproblems,1
wadr,1
vted,1
vouslavez,1
votelp,1
volkstheater,1
voeux2017,1
vmbsintercol,1
vittoriocastelnuovo,1
vimeo,1
villoro,1
vikings,1
vigiliademente,1
videlicet,1
vertreterkonferenz,1
vertigineux,1
verano2014,1
ventaglidiparole,1
vegasbaby,1
vanityfair,1
vamosrafa,1
ut,1
usopen2015,1
usih,1
usdebate,1
upsimba,1
unraccontoperfetto,1
unpossible,1
unmercoledìdafinzioni,1
unlibroalgiorno,1
unfccc,1
unegifpourunlivre,1
ulysses,1
ualberta14,1
tzsyfy,1
twosmartfellows,1
twinpeaks,1
tweetclash,1
tucsongrad,1
ttot,1
trumprally,1
trump,1
truestory,1
truelove,1
truehoop,1
truedetectiveseason2,1
truedetective,1
truebutyoushouldntsayit,1
trover,1
trollface,1
trndnl,1
tricks,1
traveltuesday,1
tragic,1
tragedy,1
tpmcuj14,1
tortured,1
torino,1
topics,1
toosoon,1
toogoofy,1
toocurioustosleep,1
tonspuren,1
tombissell,1
todoesagua,1
tnyfest,1
tntfest,1
tna,1
tmbslive,1
tlchat,1
titularesdemañana,1
tipsfornewdocs,1
tipsfor2016,1
tips,1
timstwitterlisteningparty,1
tierraadentro,1
tiempodeleer,1
thusnowtherefore,1
throwba,1
thrivenyc,1
threenameilluminati,1
thirdbook,1
think,1
thesoundinside,1
thesearemyconfessions,1
therunaways,1
therecord,1
thepartydecides,1
theopenroad,1
theoa,1
theinternet,1
theglossary,1
theendtour,1
theellentheatre,1
thebonaduces,1
thebesttitle,1
thebestdude,1
the_decemberists,1
thatswhyyoursingle,1
thankyouverymuch,1
thanks,1
tennistheme,1
teethdreams,1
tedxxx,1
tedxpotomac,1
teamsegel,1
teamdfw,1
tctubantia,1
tclive,1
tatort,1
tandcsept,1
tampa,1
taldiacomohoy,1
takes,1
takedown,1
t2t,1
sybaritic,1
sxsw,1
sws,1
swoon,1
swf,1
surprisepairings,1
supremecourt,1
supportresearch,1
sundayreplay,1
sunday,1
sundance15,1
suckerforfootnotes,1
suchaloss,1
stunning,1
strength,1
storiedellaletteratura,1
stopandthink,1
stilelibero,1
stepoffbitch,1
stefanobartezzaghi,1
stayhumble,1
stayhome,1
statiuniti,1
starwars,1
startempathy,1
springbreakbooks,1
spotweek,1
sportwritingatitsfinest,1
sports,1
spookierbooks,1
speeches,1
sparkcamp,1
soundinsidebookclub,1
soundarchives,1
sotuis,1
sotu2019,1
sotterraneo,1
sotrue,1
sotired,1
sothebysselects,1
songdiscourse,1
somoslectores,1
socialenterprise,1
sob,1
soafilm,1
snoots,1
smilemore,1
smarterfaster,1
smart,1
slamdance,1
skyartehd,1
skins,1
sixers,1
sinceretweet,1
simpsons,1
sideeye,1
sicknotweak,1
shortstories,1
shipwrecksf,1
shakespearesunday,1
shakespearesbirthday,1
sexwithstrangers,1
sept11,1
selfimprovement,1
selfdoubt,1
segel,1
security,1
secretsofthepeloton,1
secondnovel,1
search,1
scotushearing,1
scottiepippentweets,1
science,1
schirnmag,1
scf,1
scalia,1
sauce,1
satisfiction,1
sandy,1
salto30,1
salto16,1
sachat,1
s51,1
ruleoflaw,1
ruinakidsmovie,1
rtv,1
rpt,1
roman,1
rolexparismasters,1
rolandgarros,1
rodrigofresán,1
rocflavors,1
roadtrips,1
rnc2012,1
rnc,1
riprobinwilliams,1
rio2016,1
rimbaud,1
rickperry,1
ricardomartínez100años,1
rhobh,1
rezension,1
revista,1
retropost,1
respectcreativity,1
resources,1
resolusi2011,1
resist,1
requests,1
reptvnews,1
rentréelittéraire,1
rentrée_littéraire,1
renault4,1
regrets,1
registertovote,1
reggioemilia,1
reds,1
redemption,1
recrudesce,1
recovery,1
recordamos,1
recomiendoleer,1
recomiendaunlibro,1
recensione,1
rebels,1
realitytv,1
readit,1
reactionshot,1
rdff,1
raw,1
rap,1
raiplayradio,1
radio2,1
racketheads,1
quiz,1
quitpiece,1
quirkyfuckinggirlfriend,1
quietone,1
quickreads,1
pwv11,1
pwi,1
puppetizelive,1
punkattitude,1
psusel,1
protip,1
prospero,1
prospectreads,1
prism,1
primedayamazon,1
prime,1
preis,1
powerofthought,1
postsecret,1
postmodern,1
post,1
portátil,1
portatile,1
porno,1
populism,1
ponga15,1
pondero,1
polizeiruf110,1
podcast,1
pleach,1
playbooks,1
play,1
pimco,1
piday,1
picnicrecomienda,1
philosophicalquestions,1
petković,1
peterkaldheim,1
persistence,1
perseverence,1
periodismo1ucab,1
perfectionism,1
penmembers,1
penmember,1
penguinshorts,1
penguinorange,1
pdeportivo,1
payattention,1
pascalradio2,1
paradox,1
pa,1
ozarks,1
overwritingisacrime,1
overrated,1
oshortstory,1
oscar,1
orgullosocitadino,1
oralsessions,1
oquote,1
opioidcrisis,1
opiniónlsr,1
opinión,1
open,1
onlyconnect,1
oldpubradio,1
okaymaybenot,1
offendyourself,1
oddjobs,1
occupygaddis,1
observer25,1
nytnow,1
nyr12,1
nuovolimes,1
nuestroarchivo,1
nuclear,1
nuccioordine,1
nsu,1
nspoli,1
nowplaying,1
noveltini,1
novels,1
novela,1
novedadesmondadori,1
novedadeslrh,1
novedaddebolsillo,1
notworthy,1
notsurprised,1
notalent,1
notagoodstart,1
notadequate,1
nospoilers,1
nophonies,1
nonscriveredime,1
nomegusta,1
noliterature,1
noitisnot,1
nointiendo,1
noimagination,1
nofanks,1
nicolalagioia,1
nicaragua,1
nfl,1
neymar,1
newyorkerfestival,1
newsandnotes,1
news,1
newmusic,1
newiphone,1
newdayletsgo,1
newbooks,1
neuroscience,1
nerdtalk,1
neilgorsuch,1
needswork,1
nealit,1
ndvsbama,1
ncte,1
ncaafacts,1
nbtwlibrinsonni,1
nbaward,1
nationaloreoday,1
nationallobsterday,1
nationallibraryweek,1
nationalcerealday,1
nakedsingularity,1
nac,1
münchen,1
myeasterconfession,1
mybooksof12,1
mybooks,1
mwf14,1
mutablehashtags,1
mustknowbiz,1
mustanglovers,1
must,1
musicalauthors,1
music,1
muse2014,1
murdoch,1
msnewsnow,1
mpsvt,1
moxiecon,1
movietrivia,1
motivation,1
motherfuckingwin,1
mostread,1
morningreads,1
morningadvantage,1
montecarlo,1
moncrieff,1
mlda,1
mla11,1
mla09,1
mixingpdxwithdfw,1
mitlist,1
mitesoro,1
minibookriders,1
mind,1
midterms2018,1
meulenhoff,1
metal,1
merryverrissmas,1
mercoledìdafinzioni,1
memorablewords,1
memoir,1
meirl,1
megustaleerperú,1
media,1
meded,1
meanttobe,1
maxfundrive,1
max_frisch,1
maverick,1
matteocaccia,1
masterofvocab,1
masochism,1
mashreads,1
maryhigginsclark,1
martinatesta,1
martes,1
marginalia,1
mare,1
maniac,1
makeitviral,1
maggiodeilibri,1
lynchqa,1
lovetrifecta,1
lovethelibrary,1
lovelove,1
lovelarb,1
loudertogether,1
losthistoryofdreams,1
longlistens,1
longform,1
lomásvisto,1
lomásleído,1
loitering,1
logorrhea,1
lockdown,1
lobsterday,1
livros,1
live,1
lithop,1
literatur,1
literaryicecream,1
literaryhistory,1
literaryairportcodes,1
litcologne,1
litbros,1
linksfortheday,1
lineoftheday,1
likeagirl,1
lifeislosstheysay,1
lifebeforedeath,1
lifeadvicefromwiseman,1
lic,1
librosradiónica,1
librosquemehicieronreír,1
librosquebusco,1
librorecomendado,1
libronemico,1
librodeldia,1
librimpossibili,1
libridivertenti,1
libribelli,1
libraryquotesthursday,1
libraryqtuoes,1
librarylove,1
library,1
li,1
lff,1
leverage,1
letturedelweekend,1
lettidinotte,1
letteratura,1
lethalcombo,1
lessinterestingbooks,1
leipziger,1
legolover,1
leggereet,1
legal,1
lecturasdedomingo,1
lectura,1
learn,1
ldm2,1
lbeditor,1
law,1
latetotheball,1
latemotiv291,1
lateline,1
lapislazuli,1
laopinión,1
lafob,1
laclase,1
labor,1
labibliotecaacasa,1
laberinto,1
kwls,1
kusinews,1
kulturwelt,1
ksleg,1
kreuzfahrten,1
kostenloskultur,1
km,1
kidlit,1
kfhradio,1
kenyon,1
kenplumecruisecrazy,1
kellyandmichael,1
kel,1
kcrwarchives,1
kbiareads,1
kafka,1
k24,1
justbeforedark,1
judges,1
journalist,1
journalisme,1
jornada,1
jorgebarriuso,1
jokesyouwontgetunlessyoureintimatelyfamiliarwiththesecondseasonofnewgirl,1
johnupdike,1
jews,1
jeopardy,1
iwibedinburgh,1
itweetdeadpeople,1
itme,1
isu,1
ironic,1
ipad,1
interzoneiscalling,1
internet,1
internationalliteracyday,1
intense,1
insidebillsbrain,1
inmemoriam,1
inktober,1
infwin,1
infsummer,1
infintejest,1
infinitepages,1
infinitejestbitches,1
infiniteappetite,1
infinite_jest,1
infinite,1
indigogiftsos,1
inba,1
imprescindibles,1
impracticaljokers,1
impossibleowls,1
impossible,1
implicit,1
imperdible,1
impeachment,1
imalittlefuckhole,1
illtakeit,1
illinois,1
ilgiornodiconiglio,1
ilcorpoumano,1
ikea,1
ihaveneverread,1
iffboston,1
idontknow,1
icymi,1
iboughtboth,1
hörbüchern,1
humor,1
hull,1
hpbookclub,1
hoy,1
howlingfantods,1
howivacation,1
howimetyourmother,1
houseofcards,1
hotbox,1
hospitality,1
hornyauthors,1
hopelesslyinlove,1
holyshit,1
hollywood,1
holdsfordays,1
hoitytoity,1
historyrepeats,1
history,1
hisanger,1
hiphop,1
highbrow,1
helendewitt,1
heimlichabgebrochenebücher,1
hardsummer,1
happynewyear,1
happybirthdaydfw,1
grrrr,1
greggbordowitz,1
greatwriters,1
greatlit,1
great4grads,1
grasiacadivitqm,1
graduates,1
grading,1
gotv2018,1
gotv,1
gospurs,1
gosh,1
google,1
goodreads,1
goodquote,1
goodluck,1
goodbutpretentious,1
goat,1
globebooks,1
glasgow2014,1
giveme5,1
giveabook,1
giornatamondialedelleapi,1
gilmoregirlsmusings,1
gilmoregirls,1
gideias,1
giantrobot,1
ghostwriters,1
getmemylatte,1
gesamtwerk,1
generaredialoghi,1
gelesen,1
gamersgathergrub,1
fuochi,1
fullsail,1
fulfillment,1
frustration,1
friezetalks,1
friezearchive,1
fridaythoughts,1
fridayread,1
fridayfeeling,1
freaksandgeeks,1
frcko,1
fraud,1
foreverreadingthefootnotes,1
forafewbookstimethanksbraintoobusy,1
footnotes,1
foodwriting,1
foodie,1
fontsunday,1
fomc14,1
fn,1
flc2018,1
firstlinefriday,1
findthegood,1
filmtv,1
filmoftheday,1
filbo,1
fikadika,1
fictions,1
feriadellibro,1
fellowship,1
felizmartes,1
felizjueves,1
felizfriday,1
fedsoc2013,1
federerbothfleshandnot,1
febhaus,1
fazit,1
favouriteauthors,1
fashiontalk,1
fashionstar,1
fashion,1
fantods,1
fan,1
faketruehoopnetwork,1
facepalm,1
facebook,1
fa,1
f8,1
exile,1
exclusif,1
everysimpsonsever,1
everyonestoostupidfordfw,1
everyoneshouldwatch,1
estética,1
estateconmariarosamancuso,1
essays,1
esceoggi,1
entrevista,1
entrepreneur,1
ensayo,1
enloaltoparasiempre,1
englishmajorinmenerdingout,1
engchat,1
endofyearcatchup,1
encuentronacionaldeensayistas,1
elxn42,1
elvientoidiota,1
elojeador,1
ellies,1
ellibrodehoy,1
elleclubdelectura,1
elexn42,1
eleditordeguardia,1
elections2020,1
elections,1
election2020,1
elcuaderno,1
elatardecer,1
efemérides,1
editorspick,1
edchat,1
economics,1
ebibliocat,1
ebertfest2015,1
eat,1
easytoread,1
díamundialdellibro,1
díadelosinocentes,1
dwf50,1
dwf,1
dummy,1
dummies,1
dreamdebate,1
dreambooks,1
dragrace,1
draghi,1
dossier,1
doorstop,1
dominical,1
dolphins,1
dna,1
dlfbuechermarkt,1
divas,1
dispatchesfromelsewhere,1
disney,1
dimartedi,1
digiconf13,1
dicarneedinulla,1
diadellibro,1
dfwq,1
dfwdfwdfw,1
dfwcon,1
dfwbeat,1
dfwat50,1
dfwallace,1
dfw1962,1
dfw16,1
desnudo,1
derspassandersache,1
derbleichekönig,1
demdebate2020,1
demconvention,1
delillo,1
deepthoughts,1
decidertop5,1
decemberists,1
death,1
deadlinewh,1
davidfosterwallacequiz,1
davidfoster,1
davidbowie,1
dasbuchderwoche,1
darknessvisible,1
danonperdere,1
danielrichter,1
dailydeals,1
d_t_max,1
cutthroatkitchen,1
cute,1
culturalesuimp,1
cuj12,1
cuentos,1
crónica,1
cry,1
creditwriters,1
cowboysofinformation,1
courts,1
costco,1
copertinepazzesche,1
cool,1
contest,1
consigliletterari,1
consider,1
confessyourumpopularopinion,1
confesiones,1
concordia,1
conan,1
comment,1
commencement_speech,1
commence,1
columbia,1
colmtoibin,1
colbert,1
coincido,1
coccinella,1
cnndebate,1
cnfgoucher,1
cmmeetup,1
cloutfunding,1
climate,1
clickables,1
cleanwriting,1
classicessay,1
classic,1
cjadlive,1
citas,1
cinéma,1
cine,1
chula,1
christian,1
chrisrecommends,1
chillertbt,1
chicoteroad,1
ces2016,1
ces,1
ccawardee,1
cbcarts,1
cavs,1
casefuckinrested,1
caring,1
capcmag,1
canalmaxbr,1
camgirlofyourdreams,1
cachitosnochevieja,1
böckersomsaknarenbokstav,1
buttstuff,1
buonsabato,1
buongiorno,1
bungabungafamilyvacation,1
buenísima,1
buchmesse,1
buchempfehlungen,1
bu2012,1
bside,1
brunchbook,1
brownbagdc,1
broomofthesystem,1
brilliant,1
brighttalks,1
breviinterviste,1
bravo,1
bravery,1
bravaquotes,1
brainpickings,1
bragbrag,1
botwinterview,1
bothfleshandnot,1
botd,1
bostontalks,1
bossypants,1
bosniaherzegovina,1
borntoday,1
booktourdoublebill,1
booksthatchangedmyworld,1
booksonfilm,1
booksnob,1
booksilove,1
booksihaventread,1
bookshelf,1
bookloveres,1
booklog,1
bookcity,1
bookbench,1
bonusmovie,1
boisestate,1
bluewave,1
bloomsday,1
bloodmeridian,1
blogwriting,1
blog,1
bleicherkoenig,1
blankonblank,1
blacklist2013,1
bkquoteoftheweek,1
biopic,1
biggreenday,1
biggestlittlechallenge,1
bibliotecacésaraira,1
bibarnabloc,1
bestof2103,1
bestof2011,1
bestcriticever,1
best2014reads,1
best,1
berlin,1
bee,1
bedoresegelandeisenberg,1
becausehewasone,1
beatmysaturday,1
bears,1
bctv,1
barriupedia,1
bamsnap,1
ballaro,1
badjeopardycategories,1
backlistderverlorenenherzen,1
babelworkshop,1
awesomesexycool,1
avreivolutoincontrare,1
avnawards,1
avlnews,1
avettbrothers,1
authorsleastlikelytotwitter,1
authorsday,1
authorbrands,1
author,1
auspol,1
ausopen,1
auflaut,1
audioaugust,1
audio,1
atlanticmha,1
atheism,1
atelier9,1
atc,1
assebleapd,1
asme,1
askwillow,1
askharlancoben,1
askaspeaker,1
askanatoday,1
askalibrarian,1
asbestos,1
arşiv,1
arts4us,1
arratsean,1
arizona,1
aristegui,1
archives,1
ar,1
aptcomparisons,1
apps,1
appleevent,1
apoemisanakedperson,1
apenglish,1
animated,1
andtodayisoneofthosedays,1
analeen,1
amtrak,1
amherst2012,1
amediting,1
ambition,1
ama,1
alternativenamesforwriters,1
alphamale,1
allgemeinbildung,1
allforone,1
algosupuestamentedivertidoquenuncavolveréahacer,1
alaire,1
ajstream,1
aelay,1
advice,1
advantageous,1
adulting,1
acmi,1
acidwest,1
absolutely_not_kidding,1
abramsaddress,1
abo,1
abitlate,1
aaronswartz,1
aapl,1
90s1bweek,1
8agosto,1
7trainreading,1
7aus7,1
4real,1
4dx,1
27settembre,1
27agosto,1
24hourbookclub,1
21février,1
1980s,1
12sep2008,1
100novelas,1
